/dataset/medical/DF_data/data_100/IMG_4956.JPG,959,2596,1024,2680,div
/dataset/medical/DF_data/data_100/IMG_4956.JPG,1140,2599,1204,2674,div
/dataset/medical/DF_data/data_100/IMG_4956.JPG,1341,2593,1413,2675,div
/dataset/medical/DF_data/data_100/IMG_4956.JPG,1544,2590,1620,2680,div
/dataset/medical/DF_data/data_100/IMG_4956.JPG,1758,2590,1824,2665,div
/dataset/medical/DF_data/data_100/IMG_4956.JPG,1968,2588,2045,2669,div
/dataset/medical/DF_data/data_100/IMG_4956.JPG,2187,2583,2272,2663,div
/dataset/medical/DF_data/data_100/IMG_4956.JPG,2411,2582,2496,2663,div
/dataset/medical/DF_data/data_100/IMG_4956.JPG,2648,2579,2725,2660,div
/dataset/medical/DF_data/data_100/IMG_4956.JPG,2886,2575,2967,2655,div
/dataset/medical/DF_data/data_100/IMG_4455.JPG,160,356,174,370,div
/dataset/medical/DF_data/data_100/IMG_4455.JPG,202,356,215,370,div
/dataset/medical/DF_data/data_100/IMG_4455.JPG,239,354,255,370,div
/dataset/medical/DF_data/data_100/IMG_4455.JPG,279,354,292,367,div
/dataset/medical/DF_data/data_100/IMG_4455.JPG,317,354,330,367,div
/dataset/medical/DF_data/data_100/IMG_4455.JPG,357,353,373,366,div
/dataset/medical/DF_data/data_100/IMG_4455.JPG,396,352,412,366,div
/dataset/medical/DF_data/data_100/IMG_4455.JPG,436,351,451,365,div
/dataset/medical/DF_data/data_100/IMG_4455.JPG,476,351,488,363,div
/dataset/medical/DF_data/data_100/IMG_4818.JPG,1132,2496,1194,2563,div
/dataset/medical/DF_data/data_100/IMG_4818.JPG,1345,2497,1398,2560,div
/dataset/medical/DF_data/data_100/IMG_4818.JPG,1571,2492,1629,2563,div
/dataset/medical/DF_data/data_100/IMG_4818.JPG,1790,2490,1850,2561,div
/dataset/medical/DF_data/data_100/IMG_4818.JPG,2013,2486,2073,2554,div
/dataset/medical/DF_data/data_100/IMG_4818.JPG,2239,2486,2298,2557,div
/dataset/medical/DF_data/data_100/IMG_4818.JPG,2455,2487,2519,2556,div
/dataset/medical/DF_data/data_100/IMG_4818.JPG,2670,2486,2738,2552,div
/dataset/medical/DF_data/data_100/IMG_4818.JPG,2891,2482,2956,2557,div
/dataset/medical/DF_data/data_100/IMG_4818.JPG,3114,2483,3184,2559,div
/dataset/medical/DF_data/data_100/IMG_6486.JPG,73,812,109,852,div
/dataset/medical/DF_data/data_100/IMG_6486.JPG,174,813,213,858,div
/dataset/medical/DF_data/data_100/IMG_6486.JPG,283,821,324,859,div
/dataset/medical/DF_data/data_100/IMG_6486.JPG,386,823,432,867,div
/dataset/medical/DF_data/data_100/IMG_6486.JPG,504,829,544,874,div
/dataset/medical/DF_data/data_100/IMG_6486.JPG,616,833,658,881,div
/dataset/medical/DF_data/data_100/IMG_6486.JPG,726,839,769,885,div
/dataset/medical/DF_data/data_100/IMG_6486.JPG,842,848,877,890,div
/dataset/medical/DF_data/data_100/IMG_6486.JPG,952,854,1010,901,div
/dataset/medical/DF_data/data_100/IMG_6110.JPG,535,807,569,843,div
/dataset/medical/DF_data/data_100/IMG_6110.JPG,611,813,643,849,div
/dataset/medical/DF_data/data_100/IMG_6110.JPG,692,816,726,859,div
/dataset/medical/DF_data/data_100/IMG_6110.JPG,775,824,815,863,div
/dataset/medical/DF_data/data_100/IMG_6110.JPG,869,829,906,871,div
/dataset/medical/DF_data/data_100/IMG_5994.JPG,58,941,90,971,div
/dataset/medical/DF_data/data_100/IMG_5994.JPG,142,938,176,974,div
/dataset/medical/DF_data/data_100/IMG_5994.JPG,225,933,262,970,div
/dataset/medical/DF_data/data_100/IMG_5994.JPG,316,935,351,968,div
/dataset/medical/DF_data/data_100/IMG_5994.JPG,405,929,442,968,div
/dataset/medical/DF_data/data_100/IMG_5994.JPG,492,929,529,966,div
/dataset/medical/DF_data/data_100/IMG_5994.JPG,587,925,625,962,div
/dataset/medical/DF_data/data_100/IMG_5994.JPG,682,922,719,959,div
/dataset/medical/DF_data/data_100/IMG_5994.JPG,778,921,816,960,div
/dataset/medical/DF_data/data_100/IMG_5994.JPG,874,919,924,961,div
/dataset/medical/DF_data/data_100/IMG_6258.JPG,84,834,115,868,div
/dataset/medical/DF_data/data_100/IMG_6258.JPG,194,833,222,867,div
/dataset/medical/DF_data/data_100/IMG_6258.JPG,309,831,340,866,div
/dataset/medical/DF_data/data_100/IMG_6258.JPG,416,832,447,866,div
/dataset/medical/DF_data/data_100/IMG_6258.JPG,524,830,561,863,div
/dataset/medical/DF_data/data_100/IMG_6258.JPG,628,831,662,863,div
/dataset/medical/DF_data/data_100/IMG_6258.JPG,730,830,762,863,div
/dataset/medical/DF_data/data_100/IMG_6258.JPG,829,828,865,867,div
/dataset/medical/DF_data/data_100/IMG_6258.JPG,930,829,967,863,div
/dataset/medical/DF_data/data_100/IMG_6258.JPG,1026,830,1065,867,div
/dataset/medical/DF_data/data_100/IMG_5464.JPG,1021,2251,1109,2342,div
/dataset/medical/DF_data/data_100/IMG_5464.JPG,1277,2265,1348,2339,div
/dataset/medical/DF_data/data_100/IMG_5464.JPG,1542,2271,1613,2351,div
/dataset/medical/DF_data/data_100/IMG_5464.JPG,1787,2275,1863,2363,div
/dataset/medical/DF_data/data_100/IMG_5464.JPG,2037,2286,2114,2367,div
/dataset/medical/DF_data/data_100/IMG_5464.JPG,2288,2291,2358,2384,div
/dataset/medical/DF_data/data_100/IMG_5464.JPG,2537,2306,2607,2389,div
/dataset/medical/DF_data/data_100/IMG_5464.JPG,2768,2313,2845,2404,div
/dataset/medical/DF_data/data_100/IMG_5464.JPG,3007,2323,3089,2406,div
/dataset/medical/DF_data/data_100/IMG_5464.JPG,3247,2331,3320,2422,div
/dataset/medical/DF_data/data_100/IMG_6269.JPG,1,828,29,864,div
/dataset/medical/DF_data/data_100/IMG_6269.JPG,89,828,114,864,div
/dataset/medical/DF_data/data_100/IMG_6269.JPG,184,826,219,871,div
/dataset/medical/DF_data/data_100/IMG_6269.JPG,278,829,316,871,div
/dataset/medical/DF_data/data_100/IMG_6269.JPG,374,835,412,871,div
/dataset/medical/DF_data/data_100/IMG_6269.JPG,468,837,506,878,div
/dataset/medical/DF_data/data_100/IMG_6269.JPG,568,839,607,879,div
/dataset/medical/DF_data/data_100/IMG_6269.JPG,669,841,708,880,div
/dataset/medical/DF_data/data_100/IMG_6269.JPG,771,846,807,886,div
/dataset/medical/DF_data/data_100/IMG_6269.JPG,878,848,919,888,div
/dataset/medical/DF_data/data_100/IMG_6402.JPG,29,890,75,937,div
/dataset/medical/DF_data/data_100/IMG_6402.JPG,167,877,216,926,div
/dataset/medical/DF_data/data_100/IMG_6402.JPG,300,865,336,913,div
/dataset/medical/DF_data/data_100/IMG_6402.JPG,420,855,471,902,div
/dataset/medical/DF_data/data_100/IMG_6402.JPG,547,842,595,893,div
/dataset/medical/DF_data/data_100/IMG_6402.JPG,673,835,722,884,div
/dataset/medical/DF_data/data_100/IMG_6402.JPG,796,824,843,871,div
/dataset/medical/DF_data/data_100/IMG_6358.JPG,58,605,103,646,div
/dataset/medical/DF_data/data_100/IMG_6358.JPG,180,605,222,649,div
/dataset/medical/DF_data/data_100/IMG_6358.JPG,298,606,348,652,div
/dataset/medical/DF_data/data_100/IMG_6358.JPG,418,606,467,654,div
/dataset/medical/DF_data/data_100/IMG_6358.JPG,538,610,585,660,div
/dataset/medical/DF_data/data_100/IMG_6358.JPG,658,610,709,663,div
/dataset/medical/DF_data/data_100/IMG_6342.JPG,31,817,69,852,div
/dataset/medical/DF_data/data_100/IMG_6342.JPG,140,807,177,843,div
/dataset/medical/DF_data/data_100/IMG_6342.JPG,237,798,275,836,div
/dataset/medical/DF_data/data_100/IMG_6342.JPG,335,794,373,829,div
/dataset/medical/DF_data/data_100/IMG_6342.JPG,432,789,472,824,div
/dataset/medical/DF_data/data_100/IMG_6342.JPG,528,782,569,818,div
/dataset/medical/DF_data/data_100/IMG_6342.JPG,624,777,666,816,div
/dataset/medical/DF_data/data_100/IMG_6342.JPG,715,773,754,807,div
/dataset/medical/DF_data/data_100/IMG_6342.JPG,810,769,854,803,div
/dataset/medical/DF_data/data_100/IMG_5548.JPG,709,2553,795,2641,div
/dataset/medical/DF_data/data_100/IMG_5548.JPG,940,2553,1022,2652,div
/dataset/medical/DF_data/data_100/IMG_5548.JPG,1183,2553,1281,2653,div
/dataset/medical/DF_data/data_100/IMG_5548.JPG,1438,2559,1513,2652,div
/dataset/medical/DF_data/data_100/IMG_5548.JPG,1677,2564,1761,2652,div
/dataset/medical/DF_data/data_100/IMG_5548.JPG,1913,2562,2000,2654,div
/dataset/medical/DF_data/data_100/IMG_5548.JPG,2157,2567,2241,2653,div
/dataset/medical/DF_data/data_100/IMG_5548.JPG,2395,2569,2476,2657,div
/dataset/medical/DF_data/data_100/IMG_5548.JPG,2633,2571,2719,2657,div
/dataset/medical/DF_data/data_100/IMG_5548.JPG,2858,2576,2944,2659,div
/dataset/medical/DF_data/data_100/IMG_6755.JPG,345,822,383,853,div
/dataset/medical/DF_data/data_100/IMG_6755.JPG,423,823,454,853,div
/dataset/medical/DF_data/data_100/IMG_6755.JPG,510,821,537,854,div
/dataset/medical/DF_data/data_100/IMG_6755.JPG,829,824,860,853,div
/dataset/medical/DF_data/data_100/IMG_6755.JPG,907,823,932,856,div
/dataset/medical/DF_data/data_100/IMG_6755.JPG,978,825,1008,854,div
/dataset/medical/DF_data/data_100/IMG_6755.JPG,1050,828,1080,856,div
/dataset/medical/DF_data/data_100/IMG_6322.JPG,408,884,432,912,div
/dataset/medical/DF_data/data_100/IMG_6322.JPG,471,884,501,910,div
/dataset/medical/DF_data/data_100/IMG_6322.JPG,544,883,568,912,div
/dataset/medical/DF_data/data_100/IMG_6322.JPG,609,887,637,916,div
/dataset/medical/DF_data/data_100/IMG_6322.JPG,676,890,699,917,div
/dataset/medical/DF_data/data_100/IMG_6322.JPG,739,892,766,918,div
/dataset/medical/DF_data/data_100/IMG_6322.JPG,803,894,830,920,div
/dataset/medical/DF_data/data_100/IMG_6322.JPG,865,894,895,922,div
/dataset/medical/DF_data/data_100/IMG_6322.JPG,926,898,954,922,div
/dataset/medical/DF_data/data_100/IMG_6035.JPG,94,1106,152,1163,div
/dataset/medical/DF_data/data_100/IMG_6035.JPG,235,1110,293,1169,div
/dataset/medical/DF_data/data_100/IMG_6035.JPG,383,1114,440,1176,div
/dataset/medical/DF_data/data_100/IMG_6035.JPG,528,1119,590,1179,div
/dataset/medical/DF_data/data_100/IMG_6035.JPG,672,1124,734,1179,div
/dataset/medical/DF_data/data_100/IMG_6035.JPG,814,1124,876,1179,div
/dataset/medical/DF_data/data_100/IMG_6035.JPG,961,1127,1012,1180,div
/dataset/medical/DF_data/data_100/IMG_6035.JPG,1108,1127,1166,1180,div
/dataset/medical/DF_data/data_100/IMG_6035.JPG,1263,1129,1311,1184,div
/dataset/medical/DF_data/data_100/IMG_6035.JPG,1413,1132,1470,1190,div
/dataset/medical/DF_data/data_100/IMG_6279.JPG,172,1020,205,1059,div
/dataset/medical/DF_data/data_100/IMG_6279.JPG,271,1014,304,1052,div
/dataset/medical/DF_data/data_100/IMG_6279.JPG,370,1012,408,1050,div
/dataset/medical/DF_data/data_100/IMG_6279.JPG,470,1008,508,1047,div
/dataset/medical/DF_data/data_100/IMG_6279.JPG,565,1006,601,1042,div
/dataset/medical/DF_data/data_100/IMG_6279.JPG,659,1000,697,1040,div
/dataset/medical/DF_data/data_100/IMG_6279.JPG,752,999,790,1035,div
/dataset/medical/DF_data/data_100/IMG_6279.JPG,842,994,877,1032,div
/dataset/medical/DF_data/data_100/IMG_6279.JPG,933,993,970,1026,div
/dataset/medical/DF_data/data_100/IMG_6279.JPG,1019,987,1055,1027,div
/dataset/medical/DF_data/data_100/IMG_6901.JPG,373,790,403,820,div
/dataset/medical/DF_data/data_100/IMG_6901.JPG,447,792,476,821,div
/dataset/medical/DF_data/data_100/IMG_6901.JPG,524,791,554,823,div
/dataset/medical/DF_data/data_100/IMG_6901.JPG,600,792,628,823,div
/dataset/medical/DF_data/data_100/IMG_6901.JPG,677,793,705,824,div
/dataset/medical/DF_data/data_100/IMG_6901.JPG,754,794,780,824,div
/dataset/medical/DF_data/data_100/IMG_6901.JPG,825,795,853,826,div
/dataset/medical/DF_data/data_100/IMG_6901.JPG,898,796,928,826,div
/dataset/medical/DF_data/data_100/IMG_6901.JPG,968,796,999,827,div
/dataset/medical/DF_data/data_100/IMG_6901.JPG,1040,796,1068,826,div
/dataset/medical/DF_data/data_100/IMG_6111.JPG,225,839,262,878,div
/dataset/medical/DF_data/data_100/IMG_6111.JPG,300,842,339,881,div
/dataset/medical/DF_data/data_100/IMG_6111.JPG,384,841,421,877,div
/dataset/medical/DF_data/data_100/IMG_6111.JPG,466,839,499,874,div
/dataset/medical/DF_data/data_100/IMG_6111.JPG,552,839,585,876,div
/dataset/medical/DF_data/data_100/IMG_6111.JPG,635,840,670,875,div
/dataset/medical/DF_data/data_100/IMG_6111.JPG,726,839,759,872,div
/dataset/medical/DF_data/data_100/IMG_6111.JPG,815,838,851,877,div
/dataset/medical/DF_data/data_100/IMG_6111.JPG,911,837,949,874,div
/dataset/medical/DF_data/data_100/IMG_6111.JPG,1007,837,1049,877,div
/dataset/medical/DF_data/data_100/IMG_5161.JPG,943,2493,997,2560,div
/dataset/medical/DF_data/data_100/IMG_5161.JPG,1122,2491,1194,2573,div
/dataset/medical/DF_data/data_100/IMG_5161.JPG,1329,2499,1388,2574,div
/dataset/medical/DF_data/data_100/IMG_5161.JPG,1530,2504,1594,2574,div
/dataset/medical/DF_data/data_100/IMG_5161.JPG,1732,2506,1793,2577,div
/dataset/medical/DF_data/data_100/IMG_5161.JPG,1944,2509,2005,2583,div
/dataset/medical/DF_data/data_100/IMG_5161.JPG,2143,2516,2218,2588,div
/dataset/medical/DF_data/data_100/IMG_5161.JPG,2353,2521,2418,2592,div
/dataset/medical/DF_data/data_100/IMG_5161.JPG,2561,2525,2623,2596,div
/dataset/medical/DF_data/data_100/IMG_5161.JPG,2770,2528,2840,2601,div
/dataset/medical/DF_data/data_100/IMG_4181.JPG,3502,2408,3561,2473,div
/dataset/medical/DF_data/data_100/IMG_4181.JPG,3290,2407,3351,2482,div
/dataset/medical/DF_data/data_100/IMG_4181.JPG,3066,2410,3133,2481,div
/dataset/medical/DF_data/data_100/IMG_4181.JPG,2856,2409,2920,2481,div
/dataset/medical/DF_data/data_100/IMG_4181.JPG,2649,2413,2712,2480,div
/dataset/medical/DF_data/data_100/IMG_4181.JPG,2455,2411,2514,2489,div
/dataset/medical/DF_data/data_100/IMG_4181.JPG,2256,2416,2317,2484,div
/dataset/medical/DF_data/data_100/IMG_4181.JPG,2054,2417,2116,2481,div
/dataset/medical/DF_data/data_100/IMG_4181.JPG,1855,2414,1923,2494,div
/dataset/medical/DF_data/data_100/IMG_4181.JPG,1662,2423,1727,2495,div
/dataset/medical/DF_data/data_100/IMG_5395.JPG,66,1892,168,2013,div
/dataset/medical/DF_data/data_100/IMG_5395.JPG,424,1899,519,1996,div
/dataset/medical/DF_data/data_100/IMG_5395.JPG,757,1877,874,2010,div
/dataset/medical/DF_data/data_100/IMG_5395.JPG,1102,1881,1207,1998,div
/dataset/medical/DF_data/data_100/IMG_5395.JPG,1429,1871,1547,1992,div
/dataset/medical/DF_data/data_100/IMG_5395.JPG,1753,1866,1865,1980,div
/dataset/medical/DF_data/data_100/IMG_5395.JPG,2066,1860,2180,1984,div
/dataset/medical/DF_data/data_100/IMG_5395.JPG,2381,1855,2498,1973,div
/dataset/medical/DF_data/data_100/IMG_5395.JPG,2695,1847,2810,1969,div
/dataset/medical/DF_data/data_100/IMG_9357.JPG,1288,1939,1335,1981,div
/dataset/medical/DF_data/data_100/IMG_9357.JPG,1436,1898,1483,1946,div
/dataset/medical/DF_data/data_100/IMG_9357.JPG,1574,1869,1617,1920,div
/dataset/medical/DF_data/data_100/IMG_9357.JPG,1710,1845,1765,1896,div
/dataset/medical/DF_data/data_100/IMG_9357.JPG,1849,1821,1901,1865,div
/dataset/medical/DF_data/data_100/IMG_9357.JPG,1995,1795,2039,1841,div
/dataset/medical/DF_data/data_100/IMG_9357.JPG,2132,1770,2175,1823,div
/dataset/medical/DF_data/data_100/IMG_9357.JPG,2269,1744,2310,1792,div
/dataset/medical/DF_data/data_100/IMG_9357.JPG,2408,1725,2458,1777,div
/dataset/medical/DF_data/data_100/IMG_4832.JPG,623,2585,678,2659,div
/dataset/medical/DF_data/data_100/IMG_4832.JPG,806,2582,861,2655,div
/dataset/medical/DF_data/data_100/IMG_4832.JPG,1009,2578,1067,2650,div
/dataset/medical/DF_data/data_100/IMG_4832.JPG,1201,2577,1269,2655,div
/dataset/medical/DF_data/data_100/IMG_4832.JPG,1403,2570,1475,2643,div
/dataset/medical/DF_data/data_100/IMG_4832.JPG,1615,2564,1680,2638,div
/dataset/medical/DF_data/data_100/IMG_4832.JPG,1819,2560,1892,2634,div
/dataset/medical/DF_data/data_100/IMG_4832.JPG,2027,2550,2095,2635,div
/dataset/medical/DF_data/data_100/IMG_4832.JPG,2245,2552,2316,2633,div
/dataset/medical/DF_data/data_100/IMG_4832.JPG,2460,2549,2526,2630,div
/dataset/medical/DF_data/data_100/IMG_4124.JPG,734,2673,838,2794,div
/dataset/medical/DF_data/data_100/IMG_4124.JPG,1001,2681,1109,2785,div
/dataset/medical/DF_data/data_100/IMG_4124.JPG,1284,2677,1401,2798,div
/dataset/medical/DF_data/data_100/IMG_4124.JPG,1563,2660,1684,2785,div
/dataset/medical/DF_data/data_100/IMG_4124.JPG,1851,2685,1963,2785,div
/dataset/medical/DF_data/data_100/IMG_4124.JPG,2130,2677,2247,2794,div
/dataset/medical/DF_data/data_100/IMG_4124.JPG,2393,2677,2493,2798,div
/dataset/medical/DF_data/data_100/IMG_4124.JPG,2651,2677,2759,2789,div
/dataset/medical/DF_data/data_100/IMG_4124.JPG,2893,2681,3013,2802,div
/dataset/medical/DF_data/data_100/IMG_4124.JPG,3151,2689,3288,2785,div
/dataset/medical/DF_data/data_100/IMG_6413.JPG,4,960,34,992,div
/dataset/medical/DF_data/data_100/IMG_6413.JPG,84,961,117,994,div
/dataset/medical/DF_data/data_100/IMG_6413.JPG,169,958,204,992,div
/dataset/medical/DF_data/data_100/IMG_6413.JPG,254,959,288,995,div
/dataset/medical/DF_data/data_100/IMG_6413.JPG,340,958,374,993,div
/dataset/medical/DF_data/data_100/IMG_6413.JPG,424,956,459,994,div
/dataset/medical/DF_data/data_100/IMG_6413.JPG,506,953,547,995,div
/dataset/medical/DF_data/data_100/IMG_6413.JPG,596,953,631,991,div
/dataset/medical/DF_data/data_100/IMG_6413.JPG,687,957,725,989,div
/dataset/medical/DF_data/data_100/IMG_6413.JPG,780,953,820,989,div
/dataset/medical/DF_data/data_100/IMG_6383.JPG,1874,1371,1920,1420,div
/dataset/medical/DF_data/data_100/IMG_6383.JPG,1744,1369,1792,1416,div
/dataset/medical/DF_data/data_100/IMG_6383.JPG,1608,1362,1656,1412,div
/dataset/medical/DF_data/data_100/IMG_6383.JPG,1473,1356,1524,1406,div
/dataset/medical/DF_data/data_100/IMG_6383.JPG,1337,1355,1389,1400,div
/dataset/medical/DF_data/data_100/IMG_6383.JPG,1209,1348,1257,1394,div
/dataset/medical/DF_data/data_100/IMG_6383.JPG,1078,1346,1129,1393,div
/dataset/medical/DF_data/data_100/IMG_6383.JPG,950,1344,1001,1391,div
/dataset/medical/DF_data/data_100/IMG_6383.JPG,825,1346,867,1396,div
/dataset/medical/DF_data/data_100/IMG_6383.JPG,687,1348,742,1394,div
/dataset/medical/DF_data/data_100/IMG_5458.JPG,1227,2323,1335,2431,div
/dataset/medical/DF_data/data_100/IMG_5458.JPG,1503,2331,1599,2435,div
/dataset/medical/DF_data/data_100/IMG_5458.JPG,1779,2328,1869,2440,div
/dataset/medical/DF_data/data_100/IMG_5458.JPG,2072,2335,2176,2447,div
/dataset/medical/DF_data/data_100/IMG_5458.JPG,2367,2340,2473,2450,div
/dataset/medical/DF_data/data_100/IMG_5458.JPG,2666,2342,2813,2456,div
/dataset/medical/DF_data/data_100/IMG_4874.JPG,199,2424,287,2525,div
/dataset/medical/DF_data/data_100/IMG_4874.JPG,469,2408,558,2503,div
/dataset/medical/DF_data/data_100/IMG_4874.JPG,758,2391,848,2486,div
/dataset/medical/DF_data/data_100/IMG_4874.JPG,1031,2370,1130,2477,div
/dataset/medical/DF_data/data_100/IMG_4874.JPG,1312,2353,1398,2446,div
/dataset/medical/DF_data/data_100/IMG_4874.JPG,1592,2341,1677,2438,div
/dataset/medical/DF_data/data_100/IMG_4874.JPG,1851,2326,1943,2425,div
/dataset/medical/DF_data/data_100/IMG_4874.JPG,2114,2311,2195,2402,div
/dataset/medical/DF_data/data_100/IMG_4874.JPG,2371,2299,2448,2392,div
/dataset/medical/DF_data/data_100/IMG_4874.JPG,2617,2286,2701,2379,div
/dataset/medical/DF_data/data_100/IMG_0670.JPG,337,801,358,830,div
/dataset/medical/DF_data/data_100/IMG_0670.JPG,389,801,409,826,div
/dataset/medical/DF_data/data_100/IMG_0670.JPG,441,799,464,828,div
/dataset/medical/DF_data/data_100/IMG_0670.JPG,491,797,518,828,div
/dataset/medical/DF_data/data_100/IMG_0670.JPG,549,796,570,824,div
/dataset/medical/DF_data/data_100/IMG_0670.JPG,603,796,626,823,div
/dataset/medical/DF_data/data_100/IMG_0670.JPG,659,793,683,825,div
/dataset/medical/DF_data/data_100/IMG_0670.JPG,716,794,741,824,div
/dataset/medical/DF_data/data_100/IMG_0670.JPG,775,792,800,821,div
/dataset/medical/DF_data/data_100/IMG_6264.JPG,563,970,589,994,div
/dataset/medical/DF_data/data_100/IMG_6264.JPG,623,969,645,994,div
/dataset/medical/DF_data/data_100/IMG_6264.JPG,684,967,711,994,div
/dataset/medical/DF_data/data_100/IMG_6264.JPG,745,965,770,989,div
/dataset/medical/DF_data/data_100/IMG_6264.JPG,808,964,834,989,div
/dataset/medical/DF_data/data_100/IMG_6264.JPG,870,962,893,987,div
/dataset/medical/DF_data/data_100/IMG_6264.JPG,931,962,958,983,div
/dataset/medical/DF_data/data_100/IMG_6264.JPG,993,957,1020,984,div
/dataset/medical/DF_data/data_100/IMG_6264.JPG,1057,957,1084,979,div
/dataset/medical/DF_data/data_100/IMG_6264.JPG,1125,957,1150,981,div
/dataset/medical/DF_data/data_100/IMG_7896.JPG,87,873,120,908,div
/dataset/medical/DF_data/data_100/IMG_7896.JPG,183,876,215,909,div
/dataset/medical/DF_data/data_100/IMG_7896.JPG,286,878,326,916,div
/dataset/medical/DF_data/data_100/IMG_7896.JPG,391,880,422,918,div
/dataset/medical/DF_data/data_100/IMG_7896.JPG,494,884,528,919,div
/dataset/medical/DF_data/data_100/IMG_7896.JPG,594,887,633,923,div
/dataset/medical/DF_data/data_100/IMG_7896.JPG,696,890,735,926,div
/dataset/medical/DF_data/data_100/IMG_7896.JPG,797,895,831,933,div
/dataset/medical/DF_data/data_100/IMG_7896.JPG,900,899,932,935,div
/dataset/medical/DF_data/data_100/IMG_6388.JPG,282,866,308,896,div
/dataset/medical/DF_data/data_100/IMG_6388.JPG,351,869,380,896,div
/dataset/medical/DF_data/data_100/IMG_6388.JPG,429,868,458,901,div
/dataset/medical/DF_data/data_100/IMG_6388.JPG,507,872,531,901,div
/dataset/medical/DF_data/data_100/IMG_6388.JPG,582,875,609,903,div
/dataset/medical/DF_data/data_100/IMG_6388.JPG,656,876,681,906,div
/dataset/medical/DF_data/data_100/IMG_6388.JPG,730,879,754,910,div
/dataset/medical/DF_data/data_100/IMG_6388.JPG,801,880,827,910,div
/dataset/medical/DF_data/data_100/IMG_6388.JPG,875,883,902,913,div
/dataset/medical/DF_data/data_100/IMG_6388.JPG,946,888,971,916,div
/dataset/medical/DF_data/data_100/IMG_6757.JPG,135,945,170,980,div
/dataset/medical/DF_data/data_100/IMG_6757.JPG,233,936,266,975,div
/dataset/medical/DF_data/data_100/IMG_6757.JPG,338,934,374,969,div
/dataset/medical/DF_data/data_100/IMG_6757.JPG,440,930,475,965,div
/dataset/medical/DF_data/data_100/IMG_6757.JPG,539,927,574,959,div
/dataset/medical/DF_data/data_100/IMG_6757.JPG,635,922,669,955,div
/dataset/medical/DF_data/data_100/IMG_6757.JPG,731,920,766,955,div
/dataset/medical/DF_data/data_100/IMG_6757.JPG,820,916,858,953,div
/dataset/medical/DF_data/data_100/IMG_6757.JPG,922,913,951,949,div
/dataset/medical/DF_data/data_100/IMG_6757.JPG,1015,910,1046,945,div
/dataset/medical/DF_data/data_100/IMG_8086.JPG,359,1005,378,1028,div
/dataset/medical/DF_data/data_100/IMG_8086.JPG,414,1007,435,1030,div
/dataset/medical/DF_data/data_100/IMG_8086.JPG,474,1011,495,1035,div
/dataset/medical/DF_data/data_100/IMG_8086.JPG,539,1015,555,1036,div
/dataset/medical/DF_data/data_100/IMG_8086.JPG,596,1018,617,1040,div
/dataset/medical/DF_data/data_100/IMG_8086.JPG,659,1024,677,1045,div
/dataset/medical/DF_data/data_100/IMG_8086.JPG,711,1027,733,1046,div
/dataset/medical/DF_data/data_100/IMG_8086.JPG,771,1029,792,1053,div
/dataset/medical/DF_data/data_100/IMG_8086.JPG,829,1034,846,1053,div
/dataset/medical/DF_data/data_100/IMG_4839.JPG,497,2071,580,2176,div
/dataset/medical/DF_data/data_100/IMG_4839.JPG,799,2083,875,2195,div
/dataset/medical/DF_data/data_100/IMG_4839.JPG,1112,2102,1204,2205,div
/dataset/medical/DF_data/data_100/IMG_4839.JPG,1415,2121,1505,2204,div
/dataset/medical/DF_data/data_100/IMG_4839.JPG,1711,2129,1798,2218,div
/dataset/medical/DF_data/data_100/IMG_4839.JPG,2011,2146,2092,2233,div
/dataset/medical/DF_data/data_100/IMG_4839.JPG,2288,2162,2383,2249,div
/dataset/medical/DF_data/data_100/IMG_4839.JPG,2570,2172,2660,2264,div
/dataset/medical/DF_data/data_100/IMG_4839.JPG,2845,2183,2935,2276,div
/dataset/medical/DF_data/data_100/IMG_4839.JPG,3120,2199,3207,2298,div
/dataset/medical/DF_data/data_100/IMG_6392.JPG,38,812,84,856,div
/dataset/medical/DF_data/data_100/IMG_6392.JPG,152,814,194,863,div
/dataset/medical/DF_data/data_100/IMG_6392.JPG,267,817,306,862,div
/dataset/medical/DF_data/data_100/IMG_6392.JPG,375,820,423,869,div
/dataset/medical/DF_data/data_100/IMG_6392.JPG,489,826,529,875,div
/dataset/medical/DF_data/data_100/IMG_6392.JPG,593,830,639,875,div
/dataset/medical/DF_data/data_100/IMG_6392.JPG,709,836,755,888,div
/dataset/medical/DF_data/data_100/IMG_6392.JPG,820,842,871,889,div
/dataset/medical/DF_data/data_100/IMG_6392.JPG,935,846,989,896,div
/dataset/medical/DF_data/data_100/IMG_7666.JPG,126,62,178,112,div
/dataset/medical/DF_data/data_100/IMG_7666.JPG,285,66,337,118,div
/dataset/medical/DF_data/data_100/IMG_7666.JPG,444,71,488,120,div
/dataset/medical/DF_data/data_100/IMG_7666.JPG,602,76,642,126,div
/dataset/medical/DF_data/data_100/IMG_7666.JPG,754,80,796,126,div
/dataset/medical/DF_data/data_100/IMG_7891.JPG,332,1034,357,1059,div
/dataset/medical/DF_data/data_100/IMG_7891.JPG,407,1032,431,1060,div
/dataset/medical/DF_data/data_100/IMG_7891.JPG,488,1030,514,1058,div
/dataset/medical/DF_data/data_100/IMG_7891.JPG,571,1030,592,1054,div
/dataset/medical/DF_data/data_100/IMG_7891.JPG,646,1028,669,1052,div
/dataset/medical/DF_data/data_100/IMG_7891.JPG,729,1026,753,1052,div
/dataset/medical/DF_data/data_100/IMG_7891.JPG,804,1024,830,1050,div
/dataset/medical/DF_data/data_100/IMG_7891.JPG,881,1023,909,1051,div
/dataset/medical/DF_data/data_100/IMG_7891.JPG,962,1021,986,1048,div
/dataset/medical/DF_data/data_100/IMG_7891.JPG,1042,1020,1066,1047,div
/dataset/medical/DF_data/data_100/IMG_6472.JPG,76,806,115,845,div
/dataset/medical/DF_data/data_100/IMG_6472.JPG,186,807,219,848,div
/dataset/medical/DF_data/data_100/IMG_6472.JPG,291,808,325,845,div
/dataset/medical/DF_data/data_100/IMG_6472.JPG,392,810,428,848,div
/dataset/medical/DF_data/data_100/IMG_6472.JPG,490,811,528,848,div
/dataset/medical/DF_data/data_100/IMG_6472.JPG,595,812,633,850,div
/dataset/medical/DF_data/data_100/IMG_6472.JPG,697,813,734,851,div
/dataset/medical/DF_data/data_100/IMG_4179.JPG,4263,2398,4376,2506,div
/dataset/medical/DF_data/data_100/IMG_4179.JPG,4030,2410,4143,2535,div
/dataset/medical/DF_data/data_100/IMG_4179.JPG,3763,2414,3880,2523,div
/dataset/medical/DF_data/data_100/IMG_4179.JPG,3497,2431,3618,2544,div
/dataset/medical/DF_data/data_100/IMG_4179.JPG,3230,2439,3338,2556,div
/dataset/medical/DF_data/data_100/IMG_4179.JPG,2959,2444,3113,2564,div
/dataset/medical/DF_data/data_100/IMG_4179.JPG,2697,2439,2847,2577,div
/dataset/medical/DF_data/data_100/IMG_4179.JPG,2443,2435,2551,2564,div
/dataset/medical/DF_data/data_100/IMG_4179.JPG,2155,2464,2288,2581,div
/dataset/medical/DF_data/data_100/IMG_4179.JPG,1913,2473,1988,2564,div
/dataset/medical/DF_data/data_100/IMG_8301.JPG,676,904,701,931,div
/dataset/medical/DF_data/data_100/IMG_8301.JPG,749,908,775,938,div
/dataset/medical/DF_data/data_100/IMG_8301.JPG,830,910,858,940,div
/dataset/medical/DF_data/data_100/IMG_8301.JPG,910,915,935,942,div
/dataset/medical/DF_data/data_100/IMG_8301.JPG,986,921,1015,947,div
/dataset/medical/DF_data/data_100/IMG_8301.JPG,1068,925,1091,952,div
/dataset/medical/DF_data/data_100/IMG_8301.JPG,1142,930,1163,957,div
/dataset/medical/DF_data/data_100/IMG_8301.JPG,1214,933,1241,962,div
/dataset/medical/DF_data/data_100/IMG_8301.JPG,1285,936,1314,967,div
/dataset/medical/DF_data/data_100/IMG_4269.JPG,3578,2468,3654,2544,div
/dataset/medical/DF_data/data_100/IMG_4269.JPG,3376,2497,3440,2568,div
/dataset/medical/DF_data/data_100/IMG_4269.JPG,3151,2521,3217,2603,div
/dataset/medical/DF_data/data_100/IMG_4269.JPG,2939,2550,3009,2625,div
/dataset/medical/DF_data/data_100/IMG_4269.JPG,2738,2581,2799,2660,div
/dataset/medical/DF_data/data_100/IMG_4269.JPG,2531,2609,2606,2684,div
/dataset/medical/DF_data/data_100/IMG_4269.JPG,2326,2638,2410,2710,div
/dataset/medical/DF_data/data_100/IMG_4269.JPG,2146,2664,2203,2740,div
/dataset/medical/DF_data/data_100/IMG_4269.JPG,1953,2693,2015,2766,div
/dataset/medical/DF_data/data_100/IMG_4269.JPG,1759,2724,1820,2785,div
/dataset/medical/DF_data/data_100/IMG_6584.JPG,57,719,100,759,div
/dataset/medical/DF_data/data_100/IMG_6584.JPG,177,707,225,754,div
/dataset/medical/DF_data/data_100/IMG_6584.JPG,292,698,333,744,div
/dataset/medical/DF_data/data_100/IMG_6584.JPG,400,692,447,735,div
/dataset/medical/DF_data/data_100/IMG_6584.JPG,512,682,559,727,div
/dataset/medical/DF_data/data_100/IMG_6584.JPG,627,676,675,720,div
/dataset/medical/DF_data/data_100/IMG_6584.JPG,734,669,779,712,div
/dataset/medical/DF_data/data_100/IMG_6584.JPG,845,660,886,704,div
/dataset/medical/DF_data/data_100/IMG_6584.JPG,954,654,1001,698,div
/dataset/medical/DF_data/data_100/IMG_6390.JPG,36,850,77,894,div
/dataset/medical/DF_data/data_100/IMG_6390.JPG,172,841,219,888,div
/dataset/medical/DF_data/data_100/IMG_6390.JPG,307,836,345,877,div
/dataset/medical/DF_data/data_100/IMG_6390.JPG,432,828,472,872,div
/dataset/medical/DF_data/data_100/IMG_6390.JPG,554,819,591,866,div
/dataset/medical/DF_data/data_100/IMG_6390.JPG,672,815,714,856,div
/dataset/medical/DF_data/data_100/IMG_6390.JPG,793,807,835,853,div
/dataset/medical/DF_data/data_100/IMG_6344.JPG,52,824,85,856,div
/dataset/medical/DF_data/data_100/IMG_6344.JPG,142,823,178,860,div
/dataset/medical/DF_data/data_100/IMG_6344.JPG,228,823,264,864,div
/dataset/medical/DF_data/data_100/IMG_6344.JPG,316,826,347,868,div
/dataset/medical/DF_data/data_100/IMG_6344.JPG,400,826,439,866,div
/dataset/medical/DF_data/data_100/IMG_6344.JPG,487,826,529,869,div
/dataset/medical/DF_data/data_100/IMG_6344.JPG,579,828,618,868,div
/dataset/medical/DF_data/data_100/IMG_6344.JPG,671,829,708,871,div
/dataset/medical/DF_data/data_100/IMG_6344.JPG,770,833,809,872,div
/dataset/medical/DF_data/data_100/IMG_6412.JPG,116,787,166,828,div
/dataset/medical/DF_data/data_100/IMG_6412.JPG,266,798,306,843,div
/dataset/medical/DF_data/data_100/IMG_6412.JPG,402,809,445,853,div
/dataset/medical/DF_data/data_100/IMG_6412.JPG,535,816,575,864,div
/dataset/medical/DF_data/data_100/IMG_6412.JPG,661,825,701,870,div
/dataset/medical/DF_data/data_100/IMG_6412.JPG,793,836,836,878,div
/dataset/medical/DF_data/data_100/IMG_6412.JPG,915,842,973,887,div
/dataset/medical/DF_data/data_100/IMG_6930.JPG,8,381,20,395,div
/dataset/medical/DF_data/data_100/IMG_6930.JPG,44,378,56,392,div
/dataset/medical/DF_data/data_100/IMG_6930.JPG,80,374,94,388,div
/dataset/medical/DF_data/data_100/IMG_6930.JPG,116,371,130,388,div
/dataset/medical/DF_data/data_100/IMG_6930.JPG,151,370,163,385,div
/dataset/medical/DF_data/data_100/IMG_6930.JPG,182,368,193,384,div
/dataset/medical/DF_data/data_100/IMG_6930.JPG,213,368,227,384,div
/dataset/medical/DF_data/data_100/IMG_6930.JPG,246,368,258,383,div
/dataset/medical/DF_data/data_100/IMG_6930.JPG,278,367,295,383,div
/dataset/medical/DF_data/data_100/IMG_6930.JPG,313,367,328,383,div
/dataset/medical/DF_data/data_100/IMG_6089.JPG,1,822,26,863,div
/dataset/medical/DF_data/data_100/IMG_6089.JPG,106,824,146,864,div
/dataset/medical/DF_data/data_100/IMG_6089.JPG,227,824,262,866,div
/dataset/medical/DF_data/data_100/IMG_6089.JPG,346,828,379,866,div
/dataset/medical/DF_data/data_100/IMG_6089.JPG,459,828,497,870,div
/dataset/medical/DF_data/data_100/IMG_6089.JPG,571,829,613,876,div
/dataset/medical/DF_data/data_100/IMG_6089.JPG,684,829,720,872,div
/dataset/medical/DF_data/data_100/IMG_6089.JPG,799,832,840,876,div
/dataset/medical/DF_data/data_100/IMG_6313.JPG,87,731,126,772,div
/dataset/medical/DF_data/data_100/IMG_6313.JPG,216,737,255,776,div
/dataset/medical/DF_data/data_100/IMG_6313.JPG,351,738,384,782,div
/dataset/medical/DF_data/data_100/IMG_6313.JPG,475,743,517,786,div
/dataset/medical/DF_data/data_100/IMG_6313.JPG,601,745,649,791,div
/dataset/medical/DF_data/data_100/IMG_6313.JPG,727,755,773,797,div
/dataset/medical/DF_data/data_100/IMG_6313.JPG,852,756,900,802,div
/dataset/medical/DF_data/data_100/IMG_6448.JPG,161,739,216,787,div
/dataset/medical/DF_data/data_100/IMG_6448.JPG,284,740,328,787,div
/dataset/medical/DF_data/data_100/IMG_6448.JPG,404,743,444,785,div
/dataset/medical/DF_data/data_100/IMG_6448.JPG,521,743,558,786,div
/dataset/medical/DF_data/data_100/IMG_6448.JPG,634,744,673,791,div
/dataset/medical/DF_data/data_100/IMG_6448.JPG,751,747,786,788,div
/dataset/medical/DF_data/data_100/IMG_6448.JPG,860,748,902,789,div
/dataset/medical/DF_data/data_100/IMG_6448.JPG,969,751,1013,788,div
/dataset/medical/DF_data/data_100/IMG_6448.JPG,1080,751,1119,796,div
/dataset/medical/DF_data/data_100/IMG_6448.JPG,1188,756,1233,798,div
/dataset/medical/DF_data/data_100/IMG_5836.JPG,239,922,279,968,div
/dataset/medical/DF_data/data_100/IMG_5836.JPG,328,938,363,971,div
/dataset/medical/DF_data/data_100/IMG_5836.JPG,419,949,457,991,div
/dataset/medical/DF_data/data_100/IMG_5836.JPG,509,960,547,998,div
/dataset/medical/DF_data/data_100/IMG_5836.JPG,593,971,631,1003,div
/dataset/medical/DF_data/data_100/IMG_5836.JPG,681,983,714,1022,div
/dataset/medical/DF_data/data_100/IMG_5836.JPG,764,994,804,1033,div
/dataset/medical/DF_data/data_100/IMG_6140.JPG,247,928,270,953,div
/dataset/medical/DF_data/data_100/IMG_6140.JPG,301,933,325,958,div
/dataset/medical/DF_data/data_100/IMG_6140.JPG,357,936,381,962,div
/dataset/medical/DF_data/data_100/IMG_6140.JPG,411,937,432,965,div
/dataset/medical/DF_data/data_100/IMG_6140.JPG,466,944,489,968,div
/dataset/medical/DF_data/data_100/IMG_6140.JPG,518,949,542,971,div
/dataset/medical/DF_data/data_100/IMG_6140.JPG,573,952,602,976,div
/dataset/medical/DF_data/data_100/IMG_6140.JPG,627,956,648,980,div
/dataset/medical/DF_data/data_100/IMG_6140.JPG,679,958,701,984,div
/dataset/medical/DF_data/data_100/IMG_6140.JPG,731,964,755,988,div
/dataset/medical/DF_data/data_100/IMG_6257.JPG,20,881,52,918,div
/dataset/medical/DF_data/data_100/IMG_6257.JPG,118,884,149,921,div
/dataset/medical/DF_data/data_100/IMG_6257.JPG,209,886,242,924,div
/dataset/medical/DF_data/data_100/IMG_6257.JPG,296,892,335,932,div
/dataset/medical/DF_data/data_100/IMG_6257.JPG,388,891,423,930,div
/dataset/medical/DF_data/data_100/IMG_6257.JPG,478,896,510,935,div
/dataset/medical/DF_data/data_100/IMG_6257.JPG,567,901,599,936,div
/dataset/medical/DF_data/data_100/IMG_6257.JPG,652,900,688,940,div
/dataset/medical/DF_data/data_100/IMG_6257.JPG,747,905,780,943,div
/dataset/medical/DF_data/data_100/IMG_6202.JPG,26,877,57,912,div
/dataset/medical/DF_data/data_100/IMG_6202.JPG,107,867,148,904,div
/dataset/medical/DF_data/data_100/IMG_6202.JPG,197,860,232,898,div
/dataset/medical/DF_data/data_100/IMG_6202.JPG,283,855,313,889,div
/dataset/medical/DF_data/data_100/IMG_6202.JPG,371,846,402,881,div
/dataset/medical/DF_data/data_100/IMG_6202.JPG,455,836,493,873,div
/dataset/medical/DF_data/data_100/IMG_6202.JPG,552,830,586,866,div
/dataset/medical/DF_data/data_100/IMG_6202.JPG,644,824,679,860,div
/dataset/medical/DF_data/data_100/IMG_6202.JPG,741,818,781,853,div
/dataset/medical/DF_data/data_100/IMG_4640.JPG,924,2781,970,2841,div
/dataset/medical/DF_data/data_100/IMG_4640.JPG,1071,2774,1118,2824,div
/dataset/medical/DF_data/data_100/IMG_4640.JPG,1226,2762,1287,2814,div
/dataset/medical/DF_data/data_100/IMG_4640.JPG,1384,2747,1440,2807,div
/dataset/medical/DF_data/data_100/IMG_4640.JPG,1548,2736,1595,2794,div
/dataset/medical/DF_data/data_100/IMG_4640.JPG,1706,2725,1758,2780,div
/dataset/medical/DF_data/data_100/IMG_4640.JPG,1867,2708,1918,2766,div
/dataset/medical/DF_data/data_100/IMG_4640.JPG,2027,2696,2070,2745,div
/dataset/medical/DF_data/data_100/IMG_4640.JPG,2192,2685,2244,2738,div
/dataset/medical/DF_data/data_100/IMG_4640.JPG,2363,2667,2422,2722,div
/dataset/medical/DF_data/data_100/IMG_7485.JPG,377,938,401,966,div
/dataset/medical/DF_data/data_100/IMG_7485.JPG,460,941,486,971,div
/dataset/medical/DF_data/data_100/IMG_7485.JPG,549,946,578,979,div
/dataset/medical/DF_data/data_100/IMG_7485.JPG,638,952,666,985,div
/dataset/medical/DF_data/data_100/IMG_7485.JPG,723,958,748,988,div
/dataset/medical/DF_data/data_100/IMG_7485.JPG,807,963,834,993,div
/dataset/medical/DF_data/data_100/IMG_7485.JPG,889,968,918,997,div
/dataset/medical/DF_data/data_100/IMG_7485.JPG,967,972,1000,1004,div
/dataset/medical/DF_data/data_100/IMG_7485.JPG,1048,977,1076,1011,div
/dataset/medical/DF_data/data_100/IMG_7485.JPG,1131,982,1163,1014,div
/dataset/medical/DF_data/data_100/IMG_6411.JPG,237,961,267,996,div
/dataset/medical/DF_data/data_100/IMG_6411.JPG,329,964,361,999,div
/dataset/medical/DF_data/data_100/IMG_6411.JPG,416,965,449,1004,div
/dataset/medical/DF_data/data_100/IMG_6411.JPG,509,972,544,1009,div
/dataset/medical/DF_data/data_100/IMG_6411.JPG,592,976,626,1013,div
/dataset/medical/DF_data/data_100/IMG_6411.JPG,676,982,708,1016,div
/dataset/medical/DF_data/data_100/IMG_6411.JPG,759,989,782,1016,div
/dataset/medical/DF_data/data_100/IMG_6411.JPG,838,991,865,1021,div
/dataset/medical/DF_data/data_100/IMG_6411.JPG,910,995,944,1027,div
/dataset/medical/DF_data/data_100/IMG_8286.JPG,488,638,508,670,div
/dataset/medical/DF_data/data_100/IMG_8286.JPG,562,654,585,683,div
/dataset/medical/DF_data/data_100/IMG_8286.JPG,642,667,676,703,div
/dataset/medical/DF_data/data_100/IMG_8286.JPG,731,684,757,715,div
/dataset/medical/DF_data/data_100/IMG_8286.JPG,809,701,836,735,div
/dataset/medical/DF_data/data_100/IMG_8286.JPG,892,716,918,745,div
/dataset/medical/DF_data/data_100/IMG_8286.JPG,969,731,996,763,div
/dataset/medical/DF_data/data_100/IMG_8286.JPG,1047,745,1072,775,div
/dataset/medical/DF_data/data_100/IMG_8286.JPG,1126,762,1151,792,div
/dataset/medical/DF_data/data_100/IMG_4938.JPG,1454,2486,1534,2570,div
/dataset/medical/DF_data/data_100/IMG_4938.JPG,1668,2485,1731,2556,div
/dataset/medical/DF_data/data_100/IMG_4938.JPG,1893,2475,1969,2561,div
/dataset/medical/DF_data/data_100/IMG_4938.JPG,2114,2468,2189,2556,div
/dataset/medical/DF_data/data_100/IMG_4938.JPG,2327,2459,2398,2539,div
/dataset/medical/DF_data/data_100/IMG_4938.JPG,2545,2450,2625,2539,div
/dataset/medical/DF_data/data_100/IMG_4938.JPG,2748,2440,2830,2523,div
/dataset/medical/DF_data/data_100/IMG_4938.JPG,2965,2436,3042,2514,div
/dataset/medical/DF_data/data_100/IMG_4938.JPG,3170,2428,3254,2503,div
/dataset/medical/DF_data/data_100/IMG_4938.JPG,3381,2416,3459,2500,div
/dataset/medical/DF_data/data_100/IMG_4938.JPG,3573,2404,3670,2486,div
/dataset/medical/DF_data/data_100/IMG_5952.JPG,292,942,327,976,div
/dataset/medical/DF_data/data_100/IMG_5952.JPG,380,948,410,984,div
/dataset/medical/DF_data/data_100/IMG_5952.JPG,467,954,497,989,div
/dataset/medical/DF_data/data_100/IMG_5952.JPG,553,960,584,998,div
/dataset/medical/DF_data/data_100/IMG_5952.JPG,639,966,671,1001,div
/dataset/medical/DF_data/data_100/IMG_5952.JPG,721,972,757,1012,div
/dataset/medical/DF_data/data_100/IMG_5952.JPG,811,980,844,1016,div
/dataset/medical/DF_data/data_100/IMG_5952.JPG,894,987,932,1026,div
/dataset/medical/DF_data/data_100/IMG_5952.JPG,986,995,1015,1030,div
/dataset/medical/DF_data/data_100/IMG_5952.JPG,1071,1001,1103,1034,div
/dataset/medical/DF_data/data_100/IMG_0428.JPG,649,1135,675,1157,div
/dataset/medical/DF_data/data_100/IMG_0428.JPG,710,1129,734,1154,div
/dataset/medical/DF_data/data_100/IMG_0428.JPG,777,1119,801,1149,div
/dataset/medical/DF_data/data_100/IMG_0428.JPG,842,1115,870,1139,div
/dataset/medical/DF_data/data_100/IMG_0428.JPG,911,1106,937,1139,div
/dataset/medical/DF_data/data_100/IMG_0428.JPG,976,1098,1007,1132,div
/dataset/medical/DF_data/data_100/IMG_0428.JPG,1046,1092,1071,1124,div
/dataset/medical/DF_data/data_100/IMG_0428.JPG,1113,1086,1135,1116,div
/dataset/medical/DF_data/data_100/IMG_0428.JPG,1183,1079,1205,1108,div
/dataset/medical/DF_data/data_100/IMG_6146.JPG,141,958,180,993,div
/dataset/medical/DF_data/data_100/IMG_6146.JPG,243,962,282,996,div
/dataset/medical/DF_data/data_100/IMG_6146.JPG,347,965,388,1000,div
/dataset/medical/DF_data/data_100/IMG_6146.JPG,452,966,496,1004,div
/dataset/medical/DF_data/data_100/IMG_6146.JPG,556,967,599,1010,div
/dataset/medical/DF_data/data_100/IMG_6146.JPG,657,972,696,1012,div
/dataset/medical/DF_data/data_100/IMG_6146.JPG,762,975,797,1014,div
/dataset/medical/DF_data/data_100/IMG_6146.JPG,861,981,906,1020,div
/dataset/medical/DF_data/data_100/IMG_5993.JPG,478,1015,523,1063,div
/dataset/medical/DF_data/data_100/IMG_5993.JPG,583,1029,620,1071,div
/dataset/medical/DF_data/data_100/IMG_5993.JPG,698,1044,738,1090,div
/dataset/medical/DF_data/data_100/IMG_5993.JPG,811,1062,850,1100,div
/dataset/medical/DF_data/data_100/IMG_5993.JPG,923,1080,965,1125,div
/dataset/medical/DF_data/data_100/IMG_5993.JPG,1042,1098,1074,1133,div
/dataset/medical/DF_data/data_100/IMG_5993.JPG,1153,1117,1190,1157,div
/dataset/medical/DF_data/data_100/IMG_5993.JPG,1266,1133,1301,1175,div
/dataset/medical/DF_data/data_100/IMG_5993.JPG,1381,1154,1417,1195,div
/dataset/medical/DF_data/data_100/IMG_5993.JPG,1493,1175,1539,1217,div
/dataset/medical/DF_data/data_100/IMG_4902.JPG,48,2319,121,2410,div
/dataset/medical/DF_data/data_100/IMG_4902.JPG,289,2321,366,2414,div
/dataset/medical/DF_data/data_100/IMG_4902.JPG,552,2317,620,2416,div
/dataset/medical/DF_data/data_100/IMG_4902.JPG,801,2322,887,2417,div
/dataset/medical/DF_data/data_100/IMG_4902.JPG,1051,2326,1131,2420,div
/dataset/medical/DF_data/data_100/IMG_4902.JPG,1311,2334,1389,2421,div
/dataset/medical/DF_data/data_100/IMG_4902.JPG,1558,2341,1633,2424,div
/dataset/medical/DF_data/data_100/IMG_4902.JPG,1797,2344,1885,2438,div
/dataset/medical/DF_data/data_100/IMG_4902.JPG,2044,2347,2130,2438,div
/dataset/medical/DF_data/data_100/IMG_4902.JPG,2303,2357,2382,2448,div
/dataset/medical/DF_data/data_100/IMG_6239.JPG,20,877,56,919,div
/dataset/medical/DF_data/data_100/IMG_6239.JPG,132,871,166,910,div
/dataset/medical/DF_data/data_100/IMG_6239.JPG,242,863,274,904,div
/dataset/medical/DF_data/data_100/IMG_6239.JPG,349,858,385,895,div
/dataset/medical/DF_data/data_100/IMG_6239.JPG,455,853,492,894,div
/dataset/medical/DF_data/data_100/IMG_6239.JPG,557,843,601,888,div
/dataset/medical/DF_data/data_100/IMG_6239.JPG,670,839,706,883,div
/dataset/medical/DF_data/data_100/IMG_6239.JPG,777,833,818,874,div
/dataset/medical/DF_data/data_100/IMG_6239.JPG,892,828,929,870,div
/dataset/medical/DF_data/data_100/IMG_5931.JPG,184,876,221,916,div
/dataset/medical/DF_data/data_100/IMG_5931.JPG,274,881,308,918,div
/dataset/medical/DF_data/data_100/IMG_5931.JPG,364,882,404,923,div
/dataset/medical/DF_data/data_100/IMG_5931.JPG,459,889,495,927,div
/dataset/medical/DF_data/data_100/IMG_5931.JPG,549,893,589,933,div
/dataset/medical/DF_data/data_100/IMG_5931.JPG,640,898,681,935,div
/dataset/medical/DF_data/data_100/IMG_5931.JPG,731,901,768,936,div
/dataset/medical/DF_data/data_100/IMG_5931.JPG,817,904,856,945,div
/dataset/medical/DF_data/data_100/IMG_5931.JPG,902,908,942,950,div
/dataset/medical/DF_data/data_100/IMG_5931.JPG,985,913,1023,950,div
/dataset/medical/DF_data/data_100/IMG_5931.JPG,1069,919,1114,958,div
/dataset/medical/DF_data/data_100/IMG_9999.JPG,138,383,148,397,div
/dataset/medical/DF_data/data_100/IMG_9999.JPG,171,384,182,398,div
/dataset/medical/DF_data/data_100/IMG_9999.JPG,202,384,213,397,div
/dataset/medical/DF_data/data_100/IMG_9999.JPG,233,386,246,397,div
/dataset/medical/DF_data/data_100/IMG_9999.JPG,266,385,278,399,div
/dataset/medical/DF_data/data_100/IMG_9999.JPG,297,385,310,399,div
/dataset/medical/DF_data/data_100/IMG_9999.JPG,328,385,341,401,div
/dataset/medical/DF_data/data_100/IMG_9999.JPG,359,385,372,399,div
/dataset/medical/DF_data/data_100/IMG_9999.JPG,390,386,403,399,div
/dataset/medical/DF_data/data_100/IMG_4386.JPG,3641,2155,3704,2229,div
/dataset/medical/DF_data/data_100/IMG_4386.JPG,3461,2152,3517,2219,div
/dataset/medical/DF_data/data_100/IMG_4386.JPG,3254,2149,3311,2220,div
/dataset/medical/DF_data/data_100/IMG_4386.JPG,3033,2142,3097,2212,div
/dataset/medical/DF_data/data_100/IMG_4386.JPG,2824,2139,2892,2211,div
/dataset/medical/DF_data/data_100/IMG_4386.JPG,2608,2132,2672,2200,div
/dataset/medical/DF_data/data_100/IMG_4386.JPG,2381,2127,2440,2208,div
/dataset/medical/DF_data/data_100/IMG_4386.JPG,2151,2125,2208,2198,div
/dataset/medical/DF_data/data_100/IMG_4386.JPG,1914,2123,1981,2198,div
/dataset/medical/DF_data/data_100/IMG_4386.JPG,1677,2119,1736,2197,div
/dataset/medical/DF_data/data_100/IMG_7279.JPG,98,818,132,854,div
/dataset/medical/DF_data/data_100/IMG_7279.JPG,216,819,249,855,div
/dataset/medical/DF_data/data_100/IMG_7279.JPG,335,822,369,857,div
/dataset/medical/DF_data/data_100/IMG_7279.JPG,445,820,482,857,div
/dataset/medical/DF_data/data_100/IMG_7279.JPG,566,820,597,857,div
/dataset/medical/DF_data/data_100/IMG_7279.JPG,670,818,703,855,div
/dataset/medical/DF_data/data_100/IMG_7279.JPG,780,814,815,854,div
/dataset/medical/DF_data/data_100/IMG_7279.JPG,894,815,930,853,div
/dataset/medical/DF_data/data_100/IMG_7279.JPG,1006,816,1041,851,div
/dataset/medical/DF_data/data_100/IMG_5819.JPG,27,669,61,712,div
/dataset/medical/DF_data/data_100/IMG_5819.JPG,132,687,166,729,div
/dataset/medical/DF_data/data_100/IMG_5819.JPG,232,702,270,747,div
/dataset/medical/DF_data/data_100/IMG_5819.JPG,339,715,373,759,div
/dataset/medical/DF_data/data_100/IMG_5819.JPG,438,733,482,774,div
/dataset/medical/DF_data/data_100/IMG_5819.JPG,534,747,582,791,div
/dataset/medical/DF_data/data_100/IMG_5819.JPG,638,765,679,807,div
/dataset/medical/DF_data/data_100/IMG_5819.JPG,739,778,780,824,div
/dataset/medical/DF_data/data_100/IMG_7889.JPG,322,996,350,1024,div
/dataset/medical/DF_data/data_100/IMG_7889.JPG,382,995,408,1022,div
/dataset/medical/DF_data/data_100/IMG_7889.JPG,448,992,479,1022,div
/dataset/medical/DF_data/data_100/IMG_7889.JPG,518,992,549,1023,div
/dataset/medical/DF_data/data_100/IMG_7889.JPG,588,994,620,1024,div
/dataset/medical/DF_data/data_100/IMG_7889.JPG,664,991,690,1022,div
/dataset/medical/DF_data/data_100/IMG_7889.JPG,735,992,762,1020,div
/dataset/medical/DF_data/data_100/IMG_7889.JPG,811,991,838,1019,div
/dataset/medical/DF_data/data_100/IMG_7889.JPG,888,990,915,1022,div
/dataset/medical/DF_data/data_100/IMG_7889.JPG,965,990,993,1020,div
/dataset/medical/DF_data/data_100/IMG_3555.JPG,963,2631,1072,2723,div
/dataset/medical/DF_data/data_100/IMG_3555.JPG,1222,2631,1318,2731,div
/dataset/medical/DF_data/data_100/IMG_3555.JPG,1505,2644,1605,2735,div
/dataset/medical/DF_data/data_100/IMG_3555.JPG,1768,2644,1863,2744,div
/dataset/medical/DF_data/data_100/IMG_3555.JPG,2038,2652,2118,2739,div
/dataset/medical/DF_data/data_100/IMG_3555.JPG,2288,2660,2397,2760,div
/dataset/medical/DF_data/data_100/IMG_3555.JPG,2547,2669,2663,2764,div
/dataset/medical/DF_data/data_100/IMG_3555.JPG,2826,2669,2913,2764,div
/dataset/medical/DF_data/data_100/IMG_3555.JPG,3063,2681,3193,2781,div
/dataset/medical/DF_data/data_100/IMG_3555.JPG,3318,2685,3438,2789,div
/dataset/medical/DF_data/data_100/IMG_4772.JPG,1113,2892,1191,2976,div
/dataset/medical/DF_data/data_100/IMG_4772.JPG,1323,2851,1385,2935,div
/dataset/medical/DF_data/data_100/IMG_4772.JPG,1556,2825,1622,2898,div
/dataset/medical/DF_data/data_100/IMG_4772.JPG,1774,2791,1846,2864,div
/dataset/medical/DF_data/data_100/IMG_4772.JPG,2003,2760,2068,2831,div
/dataset/medical/DF_data/data_100/IMG_4772.JPG,2238,2726,2305,2802,div
/dataset/medical/DF_data/data_100/IMG_4772.JPG,2469,2694,2538,2765,div
/dataset/medical/DF_data/data_100/IMG_4772.JPG,2706,2659,2777,2740,div
/dataset/medical/DF_data/data_100/IMG_4772.JPG,2953,2631,3021,2708,div
/dataset/medical/DF_data/data_100/IMG_4772.JPG,3202,2598,3273,2671,div
/dataset/medical/DF_data/data_100/IMG_6200.JPG,295,789,327,824,div
/dataset/medical/DF_data/data_100/IMG_6200.JPG,382,798,415,829,div
/dataset/medical/DF_data/data_100/IMG_6200.JPG,463,801,492,836,div
/dataset/medical/DF_data/data_100/IMG_6200.JPG,547,810,573,840,div
/dataset/medical/DF_data/data_100/IMG_6200.JPG,630,814,657,845,div
/dataset/medical/DF_data/data_100/IMG_6200.JPG,714,820,738,850,div
/dataset/medical/DF_data/data_100/IMG_6200.JPG,794,825,821,854,div
/dataset/medical/DF_data/data_100/IMG_6200.JPG,879,832,904,860,div
/dataset/medical/DF_data/data_100/IMG_6200.JPG,964,837,989,868,div
/dataset/medical/DF_data/data_100/IMG_0650.JPG,400,836,424,865,div
/dataset/medical/DF_data/data_100/IMG_0650.JPG,459,839,477,867,div
/dataset/medical/DF_data/data_100/IMG_0650.JPG,513,841,535,867,div
/dataset/medical/DF_data/data_100/IMG_0650.JPG,564,843,590,872,div
/dataset/medical/DF_data/data_100/IMG_0650.JPG,614,847,645,875,div
/dataset/medical/DF_data/data_100/IMG_0650.JPG,671,848,703,877,div
/dataset/medical/DF_data/data_100/IMG_0650.JPG,726,851,751,880,div
/dataset/medical/DF_data/data_100/IMG_0650.JPG,785,855,811,880,div
/dataset/medical/DF_data/data_100/IMG_0650.JPG,839,858,868,890,div
/dataset/medical/DF_data/data_100/IMG_4654.JPG,1057,2541,1115,2614,div
/dataset/medical/DF_data/data_100/IMG_4654.JPG,1283,2534,1344,2610,div
/dataset/medical/DF_data/data_100/IMG_4654.JPG,1522,2519,1599,2598,div
/dataset/medical/DF_data/data_100/IMG_4654.JPG,1767,2514,1833,2589,div
/dataset/medical/DF_data/data_100/IMG_4654.JPG,1991,2506,2063,2577,div
/dataset/medical/DF_data/data_100/IMG_4654.JPG,2239,2508,2313,2578,div
/dataset/medical/DF_data/data_100/IMG_4654.JPG,2475,2505,2538,2590,div
/dataset/medical/DF_data/data_100/IMG_4654.JPG,2708,2505,2776,2578,div
/dataset/medical/DF_data/data_100/IMG_4654.JPG,2938,2499,3015,2590,div
/dataset/medical/DF_data/data_100/IMG_4654.JPG,3191,2506,3253,2582,div
/dataset/medical/DF_data/data_100/IMG_4547.JPG,4076,2671,4137,2736,div
/dataset/medical/DF_data/data_100/IMG_4547.JPG,3906,2674,3962,2737,div
/dataset/medical/DF_data/data_100/IMG_4547.JPG,3709,2671,3764,2737,div
/dataset/medical/DF_data/data_100/IMG_4547.JPG,3504,2668,3559,2733,div
/dataset/medical/DF_data/data_100/IMG_4547.JPG,3300,2671,3352,2738,div
/dataset/medical/DF_data/data_100/IMG_4547.JPG,3089,2667,3140,2737,div
/dataset/medical/DF_data/data_100/IMG_4547.JPG,2870,2667,2923,2736,div
/dataset/medical/DF_data/data_100/IMG_4547.JPG,2642,2667,2703,2740,div
/dataset/medical/DF_data/data_100/IMG_4547.JPG,2432,2677,2496,2744,div
/dataset/medical/DF_data/data_100/IMG_4547.JPG,2213,2679,2281,2751,div
/dataset/medical/DF_data/data_100/IMG_4662.JPG,3807,2554,3867,2635,div
/dataset/medical/DF_data/data_100/IMG_4662.JPG,3566,2553,3628,2625,div
/dataset/medical/DF_data/data_100/IMG_4662.JPG,3291,2546,3364,2627,div
/dataset/medical/DF_data/data_100/IMG_4662.JPG,3020,2540,3094,2628,div
/dataset/medical/DF_data/data_100/IMG_4662.JPG,2731,2533,2829,2622,div
/dataset/medical/DF_data/data_100/IMG_4662.JPG,2474,2529,2560,2620,div
/dataset/medical/DF_data/data_100/IMG_4662.JPG,2197,2529,2265,2621,div
/dataset/medical/DF_data/data_100/IMG_4662.JPG,1901,2526,1976,2613,div
/dataset/medical/DF_data/data_100/IMG_4662.JPG,1613,2528,1686,2610,div
/dataset/medical/DF_data/data_100/IMG_4662.JPG,1314,2529,1387,2609,div
/dataset/medical/DF_data/data_100/IMG_6210.JPG,322,1007,351,1036,div
/dataset/medical/DF_data/data_100/IMG_6210.JPG,394,1006,425,1040,div
/dataset/medical/DF_data/data_100/IMG_6210.JPG,472,1010,500,1044,div
/dataset/medical/DF_data/data_100/IMG_6210.JPG,547,1013,577,1046,div
/dataset/medical/DF_data/data_100/IMG_6210.JPG,621,1019,658,1048,div
/dataset/medical/DF_data/data_100/IMG_6210.JPG,696,1017,727,1051,div
/dataset/medical/DF_data/data_100/IMG_6210.JPG,770,1020,807,1050,div
/dataset/medical/DF_data/data_100/IMG_6210.JPG,845,1020,881,1052,div
/dataset/medical/DF_data/data_100/IMG_6210.JPG,922,1022,955,1054,div
/dataset/medical/DF_data/data_100/IMG_6210.JPG,1000,1027,1035,1057,div
/dataset/medical/DF_data/data_100/IMG_4820.JPG,1333,2789,1396,2862,div
/dataset/medical/DF_data/data_100/IMG_4820.JPG,1524,2773,1583,2856,div
/dataset/medical/DF_data/data_100/IMG_4820.JPG,1732,2759,1797,2844,div
/dataset/medical/DF_data/data_100/IMG_4820.JPG,1930,2746,2002,2827,div
/dataset/medical/DF_data/data_100/IMG_4820.JPG,2135,2735,2211,2810,div
/dataset/medical/DF_data/data_100/IMG_4820.JPG,2346,2727,2427,2802,div
/dataset/medical/DF_data/data_100/IMG_4820.JPG,2551,2715,2623,2788,div
/dataset/medical/DF_data/data_100/IMG_4820.JPG,2758,2699,2837,2782,div
/dataset/medical/DF_data/data_100/IMG_4820.JPG,2972,2691,3042,2763,div
/dataset/medical/DF_data/data_100/IMG_4820.JPG,3182,2679,3257,2754,div
/dataset/medical/DF_data/data_100/IMG_4876.JPG,1570,2517,1638,2588,div
/dataset/medical/DF_data/data_100/IMG_4876.JPG,1751,2517,1815,2595,div
/dataset/medical/DF_data/data_100/IMG_4876.JPG,1942,2518,2009,2596,div
/dataset/medical/DF_data/data_100/IMG_4876.JPG,2134,2523,2196,2600,div
/dataset/medical/DF_data/data_100/IMG_4876.JPG,2324,2525,2385,2590,div
/dataset/medical/DF_data/data_100/IMG_4876.JPG,2511,2526,2573,2595,div
/dataset/medical/DF_data/data_100/IMG_4876.JPG,2676,2531,2767,2608,div
/dataset/medical/DF_data/data_100/IMG_4876.JPG,2875,2528,2944,2601,div
/dataset/medical/DF_data/data_100/IMG_4876.JPG,3062,2528,3128,2604,div
/dataset/medical/DF_data/data_100/IMG_4876.JPG,3253,2534,3313,2606,div
/dataset/medical/DF_data/data_100/IMG_6036.JPG,112,926,148,961,div
/dataset/medical/DF_data/data_100/IMG_6036.JPG,204,920,236,956,div
/dataset/medical/DF_data/data_100/IMG_6036.JPG,295,910,332,946,div
/dataset/medical/DF_data/data_100/IMG_6036.JPG,393,902,425,937,div
/dataset/medical/DF_data/data_100/IMG_6036.JPG,483,895,519,929,div
/dataset/medical/DF_data/data_100/IMG_6036.JPG,572,884,613,916,div
/dataset/medical/DF_data/data_100/IMG_6036.JPG,672,874,707,909,div
/dataset/medical/DF_data/data_100/IMG_6036.JPG,765,863,801,897,div
/dataset/medical/DF_data/data_100/IMG_6036.JPG,863,853,901,889,div
/dataset/medical/DF_data/data_100/IMG_6036.JPG,962,842,1001,880,div
/dataset/medical/DF_data/data_100/IMG_6850.JPG,402,695,426,723,div
/dataset/medical/DF_data/data_100/IMG_6850.JPG,479,708,506,739,div
/dataset/medical/DF_data/data_100/IMG_6850.JPG,560,724,587,754,div
/dataset/medical/DF_data/data_100/IMG_6850.JPG,645,739,672,770,div
/dataset/medical/DF_data/data_100/IMG_6850.JPG,726,752,754,788,div
/dataset/medical/DF_data/data_100/IMG_6850.JPG,809,768,839,801,div
/dataset/medical/DF_data/data_100/IMG_6850.JPG,893,787,922,816,div
/dataset/medical/DF_data/data_100/IMG_6850.JPG,976,800,1007,835,div
/dataset/medical/DF_data/data_100/IMG_6850.JPG,1062,819,1092,850,div
/dataset/medical/DF_data/data_100/IMG_6850.JPG,1148,834,1179,869,div
/dataset/medical/DF_data/data_100/IMG_6327.JPG,1,941,29,974,div
/dataset/medical/DF_data/data_100/IMG_6327.JPG,93,938,129,974,div
/dataset/medical/DF_data/data_100/IMG_6327.JPG,188,938,222,970,div
/dataset/medical/DF_data/data_100/IMG_6327.JPG,277,937,310,971,div
/dataset/medical/DF_data/data_100/IMG_6327.JPG,369,934,402,969,div
/dataset/medical/DF_data/data_100/IMG_6327.JPG,457,934,492,969,div
/dataset/medical/DF_data/data_100/IMG_6327.JPG,542,932,574,968,div
/dataset/medical/DF_data/data_100/IMG_6327.JPG,624,930,657,965,div
/dataset/medical/DF_data/data_100/IMG_6327.JPG,710,929,743,963,div
/dataset/medical/DF_data/data_100/IMG_0058.JPG,682,746,703,771,div
/dataset/medical/DF_data/data_100/IMG_0058.JPG,737,753,755,775,div
/dataset/medical/DF_data/data_100/IMG_0058.JPG,793,759,811,780,div
/dataset/medical/DF_data/data_100/IMG_0058.JPG,849,764,868,788,div
/dataset/medical/DF_data/data_100/IMG_0058.JPG,906,772,928,793,div
/dataset/medical/DF_data/data_100/IMG_0058.JPG,959,776,984,798,div
/dataset/medical/DF_data/data_100/IMG_0058.JPG,1017,779,1041,808,div
/dataset/medical/DF_data/data_100/IMG_0058.JPG,1077,786,1095,813,div
/dataset/medical/DF_data/data_100/IMG_0058.JPG,1134,793,1153,816,div
/dataset/medical/DF_data/data_100/IMG_4468.JPG,670,2500,745,2583,div
/dataset/medical/DF_data/data_100/IMG_4468.JPG,931,2482,1012,2574,div
/dataset/medical/DF_data/data_100/IMG_4468.JPG,1189,2468,1263,2569,div
/dataset/medical/DF_data/data_100/IMG_4468.JPG,1443,2463,1519,2547,div
/dataset/medical/DF_data/data_100/IMG_4468.JPG,1689,2461,1760,2532,div
/dataset/medical/DF_data/data_100/IMG_4901.JPG,1293,2526,1365,2611,div
/dataset/medical/DF_data/data_100/IMG_4901.JPG,1533,2522,1604,2611,div
/dataset/medical/DF_data/data_100/IMG_4901.JPG,1802,2516,1878,2605,div
/dataset/medical/DF_data/data_100/IMG_4901.JPG,2057,2509,2140,2595,div
/dataset/medical/DF_data/data_100/IMG_4901.JPG,2315,2504,2410,2592,div
/dataset/medical/DF_data/data_100/IMG_4901.JPG,2571,2499,2661,2589,div
/dataset/medical/DF_data/data_100/IMG_4901.JPG,2817,2490,2916,2579,div
/dataset/medical/DF_data/data_100/IMG_4901.JPG,3081,2490,3173,2580,div
/dataset/medical/DF_data/data_100/IMG_4901.JPG,3348,2483,3431,2571,div
/dataset/medical/DF_data/data_100/IMG_4901.JPG,3604,2480,3696,2571,div
/dataset/medical/DF_data/data_100/IMG_6461.JPG,58,737,117,798,div
/dataset/medical/DF_data/data_100/IMG_6461.JPG,238,717,294,776,div
/dataset/medical/DF_data/data_100/IMG_6461.JPG,405,709,464,766,div
/dataset/medical/DF_data/data_100/IMG_6461.JPG,571,696,621,753,div
/dataset/medical/DF_data/data_100/IMG_6461.JPG,724,686,775,739,div
/dataset/medical/DF_data/data_100/IMG_6461.JPG,868,677,937,734,div
/dataset/medical/DF_data/data_100/IMG_6018.JPG,2398,1279,2436,1319,div
/dataset/medical/DF_data/data_100/IMG_6018.JPG,2258,1263,2309,1309,div
/dataset/medical/DF_data/data_100/IMG_6018.JPG,2138,1260,2183,1302,div
/dataset/medical/DF_data/data_100/IMG_6018.JPG,2011,1247,2054,1291,div
/dataset/medical/DF_data/data_100/IMG_6018.JPG,1889,1240,1932,1280,div
/dataset/medical/DF_data/data_100/IMG_6018.JPG,1761,1230,1806,1271,div
/dataset/medical/DF_data/data_100/IMG_6018.JPG,1635,1220,1679,1261,div
/dataset/medical/DF_data/data_100/IMG_6018.JPG,1513,1212,1556,1250,div
/dataset/medical/DF_data/data_100/IMG_6018.JPG,1391,1206,1436,1246,div
/dataset/medical/DF_data/data_100/IMG_6447.JPG,302,64,338,100,div
/dataset/medical/DF_data/data_100/IMG_6447.JPG,401,71,436,107,div
/dataset/medical/DF_data/data_100/IMG_6447.JPG,502,73,538,112,div
/dataset/medical/DF_data/data_100/IMG_6447.JPG,598,80,641,118,div
/dataset/medical/DF_data/data_100/IMG_6447.JPG,698,86,735,123,div
/dataset/medical/DF_data/data_100/IMG_6447.JPG,802,91,835,131,div
/dataset/medical/DF_data/data_100/IMG_6447.JPG,895,94,931,132,div
/dataset/medical/DF_data/data_100/IMG_6447.JPG,990,99,1028,142,div
/dataset/medical/DF_data/data_100/IMG_6447.JPG,1092,107,1120,142,div
/dataset/medical/DF_data/data_100/IMG_6447.JPG,1186,115,1221,149,div
/dataset/medical/DF_data/data_100/IMG_6447.JPG,1278,117,1326,159,div
/dataset/medical/DF_data/data_100/IMG_6447.JPG,1375,121,1415,160,div
/dataset/medical/DF_data/data_100/IMG_6447.JPG,1469,128,1510,164,div
/dataset/medical/DF_data/data_100/IMG_8916.JPG,221,2795,307,2870,div
/dataset/medical/DF_data/data_100/IMG_8916.JPG,626,2793,707,2866,div
/dataset/medical/DF_data/data_100/IMG_8916.JPG,1016,2786,1102,2867,div
/dataset/medical/DF_data/data_100/IMG_8916.JPG,1396,2780,1475,2870,div
/dataset/medical/DF_data/data_100/IMG_8916.JPG,1775,2786,1851,2864,div
/dataset/medical/DF_data/data_100/IMG_8916.JPG,2136,2790,2231,2881,div
/dataset/medical/DF_data/data_100/IMG_8916.JPG,2521,2789,2599,2880,div
/dataset/medical/DF_data/data_100/IMG_4914.JPG,1911,2511,1967,2588,div
/dataset/medical/DF_data/data_100/IMG_4914.JPG,2107,2513,2171,2597,div
/dataset/medical/DF_data/data_100/IMG_4914.JPG,2324,2508,2396,2591,div
/dataset/medical/DF_data/data_100/IMG_4914.JPG,2538,2508,2608,2589,div
/dataset/medical/DF_data/data_100/IMG_4914.JPG,2749,2506,2814,2581,div
/dataset/medical/DF_data/data_100/IMG_4914.JPG,2965,2505,3032,2578,div
/dataset/medical/DF_data/data_100/IMG_4914.JPG,3171,2500,3238,2576,div
/dataset/medical/DF_data/data_100/IMG_4914.JPG,3373,2498,3444,2570,div
/dataset/medical/DF_data/data_100/IMG_4914.JPG,3582,2494,3655,2564,div
/dataset/medical/DF_data/data_100/IMG_4914.JPG,3781,2490,3861,2561,div
/dataset/medical/DF_data/data_100/IMG_7199.JPG,420,928,446,957,div
/dataset/medical/DF_data/data_100/IMG_7199.JPG,488,929,513,957,div
/dataset/medical/DF_data/data_100/IMG_7199.JPG,559,927,582,955,div
/dataset/medical/DF_data/data_100/IMG_7199.JPG,631,926,660,954,div
/dataset/medical/DF_data/data_100/IMG_7199.JPG,706,924,732,956,div
/dataset/medical/DF_data/data_100/IMG_7199.JPG,784,926,807,956,div
/dataset/medical/DF_data/data_100/IMG_7199.JPG,859,924,887,955,div
/dataset/medical/DF_data/data_100/IMG_7199.JPG,942,927,966,955,div
/dataset/medical/DF_data/data_100/IMG_7199.JPG,1024,925,1050,954,div
/dataset/medical/DF_data/data_100/IMG_6774.JPG,54,914,87,955,div
/dataset/medical/DF_data/data_100/IMG_6774.JPG,163,911,196,953,div
/dataset/medical/DF_data/data_100/IMG_6774.JPG,281,908,321,949,div
/dataset/medical/DF_data/data_100/IMG_6774.JPG,397,904,432,944,div
/dataset/medical/DF_data/data_100/IMG_6774.JPG,513,902,550,942,div
/dataset/medical/DF_data/data_100/IMG_6774.JPG,632,900,667,939,div
/dataset/medical/DF_data/data_100/IMG_6774.JPG,744,897,780,938,div
/dataset/medical/DF_data/data_100/IMG_6774.JPG,859,898,896,939,div
/dataset/medical/DF_data/data_100/IMG_6774.JPG,975,895,1010,940,div
/dataset/medical/DF_data/data_100/IMG_6774.JPG,1092,897,1126,940,div
/dataset/medical/DF_data/data_100/IMG_6752.JPG,1,87,32,122,div
/dataset/medical/DF_data/data_100/IMG_6752.JPG,85,82,121,124,div
/dataset/medical/DF_data/data_100/IMG_6752.JPG,175,79,209,118,div
/dataset/medical/DF_data/data_100/IMG_6752.JPG,263,77,298,114,div
/dataset/medical/DF_data/data_100/IMG_6752.JPG,359,75,397,112,div
/dataset/medical/DF_data/data_100/IMG_6752.JPG,458,72,498,112,div
/dataset/medical/DF_data/data_100/IMG_6752.JPG,553,69,589,110,div
/dataset/medical/DF_data/data_100/IMG_6752.JPG,659,68,698,102,div
/dataset/medical/DF_data/data_100/IMG_6752.JPG,762,65,804,102,div
/dataset/medical/DF_data/data_100/IMG_6627.JPG,464,832,515,887,div
/dataset/medical/DF_data/data_100/IMG_6627.JPG,607,833,657,884,div
/dataset/medical/DF_data/data_100/IMG_6627.JPG,743,836,793,888,div
/dataset/medical/DF_data/data_100/IMG_6627.JPG,869,837,916,890,div
/dataset/medical/DF_data/data_100/IMG_6627.JPG,988,838,1036,890,div
/dataset/medical/DF_data/data_100/IMG_6627.JPG,1096,838,1147,891,div
/dataset/medical/DF_data/data_100/IMG_6627.JPG,1206,842,1251,891,div
/dataset/medical/DF_data/data_100/IMG_6627.JPG,1309,844,1356,894,div
/dataset/medical/DF_data/data_100/IMG_6627.JPG,1400,843,1451,890,div
/dataset/medical/DF_data/data_100/IMG_8064.JPG,330,862,357,890,div
/dataset/medical/DF_data/data_100/IMG_8064.JPG,412,870,439,897,div
/dataset/medical/DF_data/data_100/IMG_8064.JPG,508,876,533,907,div
/dataset/medical/DF_data/data_100/IMG_8064.JPG,598,886,625,915,div
/dataset/medical/DF_data/data_100/IMG_8064.JPG,686,894,713,923,div
/dataset/medical/DF_data/data_100/IMG_8064.JPG,778,901,806,932,div
/dataset/medical/DF_data/data_100/IMG_8064.JPG,862,908,893,938,div
/dataset/medical/DF_data/data_100/IMG_8064.JPG,951,914,977,948,div
/dataset/medical/DF_data/data_100/IMG_8064.JPG,1040,923,1066,953,div
/dataset/medical/DF_data/data_100/IMG_6211.JPG,228,839,272,885,div
/dataset/medical/DF_data/data_100/IMG_6211.JPG,329,845,365,887,div
/dataset/medical/DF_data/data_100/IMG_6211.JPG,431,845,462,888,div
/dataset/medical/DF_data/data_100/IMG_6211.JPG,531,848,568,890,div
/dataset/medical/DF_data/data_100/IMG_6211.JPG,629,848,663,893,div
/dataset/medical/DF_data/data_100/IMG_6211.JPG,722,846,756,887,div
/dataset/medical/DF_data/data_100/IMG_6211.JPG,812,842,852,886,div
/dataset/medical/DF_data/data_100/IMG_6211.JPG,903,844,945,887,div
/dataset/medical/DF_data/data_100/IMG_6211.JPG,996,846,1043,892,div
/dataset/medical/DF_data/data_100/IMG_6211.JPG,1089,847,1129,890,div
/dataset/medical/DF_data/data_100/IMG_5842.JPG,171,880,202,915,div
/dataset/medical/DF_data/data_100/IMG_5842.JPG,237,874,269,908,div
/dataset/medical/DF_data/data_100/IMG_5842.JPG,310,867,347,907,div
/dataset/medical/DF_data/data_100/IMG_5842.JPG,383,859,417,897,div
/dataset/medical/DF_data/data_100/IMG_5842.JPG,459,850,486,890,div
/dataset/medical/DF_data/data_100/IMG_5842.JPG,532,846,563,882,div
/dataset/medical/DF_data/data_100/IMG_5842.JPG,605,837,640,874,div
/dataset/medical/DF_data/data_100/IMG_5842.JPG,682,833,713,867,div
/dataset/medical/DF_data/data_100/IMG_5842.JPG,760,826,791,858,div
/dataset/medical/DF_data/data_100/IMG_5842.JPG,835,816,870,854,div
/dataset/medical/DF_data/data_100/IMG_8873.JPG,282,981,309,1020,div
/dataset/medical/DF_data/data_100/IMG_8873.JPG,387,1022,415,1060,div
/dataset/medical/DF_data/data_100/IMG_8873.JPG,486,1054,514,1096,div
/dataset/medical/DF_data/data_100/IMG_8873.JPG,581,1090,608,1124,div
/dataset/medical/DF_data/data_100/IMG_8873.JPG,677,1123,706,1155,div
/dataset/medical/DF_data/data_100/IMG_8873.JPG,776,1152,810,1190,div
/dataset/medical/DF_data/data_100/IMG_8873.JPG,882,1189,915,1227,div
/dataset/medical/DF_data/data_100/IMG_8873.JPG,988,1226,1023,1262,div
/dataset/medical/DF_data/data_100/IMG_8873.JPG,1098,1267,1131,1304,div
/dataset/medical/DF_data/data_100/IMG_6903.JPG,217,938,250,973,div
/dataset/medical/DF_data/data_100/IMG_6903.JPG,314,943,354,984,div
/dataset/medical/DF_data/data_100/IMG_6903.JPG,410,948,444,990,div
/dataset/medical/DF_data/data_100/IMG_6903.JPG,506,957,540,993,div
/dataset/medical/DF_data/data_100/IMG_6903.JPG,598,960,630,996,div
/dataset/medical/DF_data/data_100/IMG_6903.JPG,689,969,722,1004,div
/dataset/medical/DF_data/data_100/IMG_6903.JPG,774,973,806,1006,div
/dataset/medical/DF_data/data_100/IMG_6903.JPG,861,977,893,1015,div
/dataset/medical/DF_data/data_100/IMG_6903.JPG,942,984,975,1022,div
/dataset/medical/DF_data/data_100/IMG_6368.JPG,93,749,145,804,div
/dataset/medical/DF_data/data_100/IMG_6368.JPG,255,746,306,805,div
/dataset/medical/DF_data/data_100/IMG_6368.JPG,412,741,465,802,div
/dataset/medical/DF_data/data_100/IMG_6368.JPG,568,744,628,802,div
/dataset/medical/DF_data/data_100/IMG_6557.JPG,25,703,69,745,div
/dataset/medical/DF_data/data_100/IMG_6557.JPG,157,716,199,758,div
/dataset/medical/DF_data/data_100/IMG_6557.JPG,283,729,322,767,div
/dataset/medical/DF_data/data_100/IMG_6557.JPG,412,740,448,780,div
/dataset/medical/DF_data/data_100/IMG_6557.JPG,531,750,574,791,div
/dataset/medical/DF_data/data_100/IMG_6557.JPG,648,758,687,796,div
/dataset/medical/DF_data/data_100/IMG_6557.JPG,776,766,815,807,div
/dataset/medical/DF_data/data_100/IMG_6557.JPG,900,774,934,814,div
/dataset/medical/DF_data/data_100/IMG_6557.JPG,1008,780,1064,820,div
/dataset/medical/DF_data/data_100/IMG_6389.JPG,2,882,34,916,div
/dataset/medical/DF_data/data_100/IMG_6389.JPG,100,882,138,923,div
/dataset/medical/DF_data/data_100/IMG_6389.JPG,206,885,243,927,div
/dataset/medical/DF_data/data_100/IMG_6389.JPG,310,889,350,924,div
/dataset/medical/DF_data/data_100/IMG_6389.JPG,420,891,452,928,div
/dataset/medical/DF_data/data_100/IMG_6389.JPG,522,896,560,936,div
/dataset/medical/DF_data/data_100/IMG_6389.JPG,628,900,660,942,div
/dataset/medical/DF_data/data_100/IMG_6389.JPG,731,906,764,941,div
/dataset/medical/DF_data/data_100/IMG_6389.JPG,838,907,876,948,div
/dataset/medical/DF_data/data_100/IMG_6744.JPG,99,639,147,691,div
/dataset/medical/DF_data/data_100/IMG_6744.JPG,250,650,291,702,div
/dataset/medical/DF_data/data_100/IMG_6744.JPG,393,657,444,712,div
/dataset/medical/DF_data/data_100/IMG_6744.JPG,543,673,592,723,div
/dataset/medical/DF_data/data_100/IMG_6744.JPG,702,687,741,731,div
/dataset/medical/DF_data/data_100/IMG_5376.JPG,599,346,612,359,div
/dataset/medical/DF_data/data_100/IMG_5376.JPG,529,348,539,358,div
/dataset/medical/DF_data/data_100/IMG_5376.JPG,494,349,503,360,div
/dataset/medical/DF_data/data_100/IMG_5376.JPG,459,352,470,362,div
/dataset/medical/DF_data/data_100/IMG_5376.JPG,425,351,437,363,div
/dataset/medical/DF_data/data_100/IMG_5376.JPG,392,352,403,363,div
/dataset/medical/DF_data/data_100/IMG_5376.JPG,358,354,367,364,div
/dataset/medical/DF_data/data_100/IMG_5376.JPG,325,355,336,366,div
/dataset/medical/DF_data/data_100/IMG_4916.JPG,1573,2700,1640,2780,div
/dataset/medical/DF_data/data_100/IMG_4916.JPG,1790,2695,1863,2765,div
/dataset/medical/DF_data/data_100/IMG_4916.JPG,2024,2682,2102,2760,div
/dataset/medical/DF_data/data_100/IMG_4916.JPG,2259,2673,2330,2749,div
/dataset/medical/DF_data/data_100/IMG_4916.JPG,2490,2663,2561,2732,div
/dataset/medical/DF_data/data_100/IMG_4916.JPG,2725,2652,2788,2722,div
/dataset/medical/DF_data/data_100/IMG_4916.JPG,2952,2645,3016,2713,div
/dataset/medical/DF_data/data_100/IMG_4916.JPG,3174,2635,3241,2701,div
/dataset/medical/DF_data/data_100/IMG_4916.JPG,3405,2623,3473,2696,div
/dataset/medical/DF_data/data_100/IMG_4916.JPG,3633,2615,3699,2688,div
